

insert into GlobalDB(GDB_USER_PHONE , GDB_NAME, GDB_EMAIL_ID, IS_SPAM, IS_REGISTERED ) values('777520302', 'Ram', 'Ram@gmail.com', false, false); 
insert into GlobalDB(GDB_USER_PHONE , GDB_NAME, GDB_EMAIL_ID, IS_SPAM, IS_REGISTERED ) values('767820345', 'Shyam', 'Shyam@gmail.com', false, false); 
insert into GlobalDB(GDB_USER_PHONE , GDB_NAME, GDB_EMAIL_ID, IS_SPAM, IS_REGISTERED ) values('787220632', 'Ghanshyam', 'Ghanshyam@gmail.com', false, false); 
insert into GlobalDB(GDB_USER_PHONE , GDB_NAME, GDB_EMAIL_ID, IS_SPAM, IS_REGISTERED ) values('797563304', 'Addu', 'Addu@gmail.com', false, false); 
insert into GlobalDB(GDB_USER_PHONE , GDB_NAME, GDB_EMAIL_ID, IS_SPAM, IS_REGISTERED ) values('717522342', 'Adabala', 'Adabala@gmail.com', false, true); 
insert into GlobalDB(GDB_USER_PHONE , GDB_NAME, GDB_EMAIL_ID, IS_SPAM, IS_REGISTERED ) values('723520752', 'Venkata', 'Venkata@gmail.com', false, false);
insert into GlobalDB(GDB_USER_PHONE , GDB_NAME, GDB_EMAIL_ID, IS_SPAM, IS_REGISTERED ) values('737545360', 'Jaya', 'Jaya@gmail.com', false, false); 
insert into GlobalDB(GDB_USER_PHONE , GDB_NAME, GDB_EMAIL_ID, IS_SPAM, IS_REGISTERED ) values('747520328', 'Kiran', 'Kiran@gmail.com', false, false); 
insert into GlobalDB(GDB_USER_PHONE , GDB_NAME, GDB_EMAIL_ID, IS_SPAM, IS_REGISTERED ) values('757566344', 'Abhinay', 'Abhinay@gmail.com', false, true);
insert into GlobalDB(GDB_USER_PHONE , GDB_NAME, GDB_EMAIL_ID, IS_SPAM, IS_REGISTERED ) values('778875203', 'Aditya', 'Aditya@gmail.com', false, false); 
insert into GlobalDB(GDB_USER_PHONE , GDB_NAME, GDB_EMAIL_ID, IS_SPAM, IS_REGISTERED ) values('775424242', 'Rumi', 'Rumi@gmail.com', false, true);
insert into GlobalDB(GDB_USER_PHONE , GDB_NAME, GDB_EMAIL_ID, IS_SPAM, IS_REGISTERED ) values('985623147', 'Rashi', 'Rashi@gmail.com', false, true);
insert into GlobalDB(GDB_USER_PHONE , GDB_NAME, GDB_EMAIL_ID, IS_SPAM, IS_REGISTERED ) values('888122333', 'Ayush', 'Ayush@gmail.com', true, true);
insert into GlobalDB(GDB_USER_PHONE , GDB_NAME, GDB_EMAIL_ID, IS_SPAM, IS_REGISTERED ) values('812345678', 'Narayan', 'Narayan@gmail.com', false, true);
insert into GlobalDB(GDB_USER_PHONE , GDB_NAME, GDB_EMAIL_ID, IS_SPAM, IS_REGISTERED ) values('863216974', 'Palak', 'Palak@gmail.com', false, true);
insert into GlobalDB(GDB_USER_PHONE , GDB_NAME, GDB_EMAIL_ID, IS_SPAM, IS_REGISTERED ) values('852634189', 'Akshaya', 'Akshaya@gmail.com', false, true);
insert into GlobalDB(GDB_USER_PHONE , GDB_NAME, GDB_EMAIL_ID, IS_SPAM, IS_REGISTERED ) values('623894612', 'Khanna', 'Khanna@gmail.com', null, false);
insert into GlobalDB(GDB_USER_PHONE , GDB_NAME, GDB_EMAIL_ID, IS_SPAM, IS_REGISTERED ) values('685612345', 'Prashant', 'Prashant@gmail.com', null, false);
insert into GlobalDB(GDB_USER_PHONE , GDB_NAME, GDB_EMAIL_ID, IS_SPAM, IS_REGISTERED ) values('656413457', 'Sachin', 'Sachin@gmail.com', null, false);
insert into GlobalDB(GDB_USER_PHONE , GDB_NAME, GDB_EMAIL_ID, IS_SPAM, IS_REGISTERED ) values('678955465', 'Rahul', null, null, false);
insert into GlobalDB(GDB_USER_PHONE , GDB_NAME, GDB_EMAIL_ID, IS_SPAM, IS_REGISTERED ) values('635897465', 'Sharma', 'Sharma@gmail.com', null, false);
insert into GlobalDB(GDB_USER_PHONE , GDB_NAME, GDB_EMAIL_ID, IS_SPAM, IS_REGISTERED ) values('663985644', 'Mehta', null, null, true);
insert into GlobalDB(GDB_USER_PHONE , GDB_NAME, GDB_EMAIL_ID, IS_SPAM, IS_REGISTERED ) values('632589746', 'Rana', 'Rana@gmail.com', null, true);
insert into GlobalDB(GDB_USER_PHONE , GDB_NAME, GDB_EMAIL_ID, IS_SPAM, IS_REGISTERED ) values('623148769', 'Chandel', null, null, true);
insert into GlobalDB(GDB_USER_PHONE , GDB_NAME, GDB_EMAIL_ID, IS_SPAM, IS_REGISTERED ) values('685231498', 'Bora', 'Bora@gmail.com', null, true);





insert into User(USER_PHONE , NAME, EMAIL_ID ) values('985623147', 'Rashi', 'Rashi@gmail.com');
insert into User(USER_PHONE , NAME, EMAIL_ID ) values('888122333', 'Ayush', 'Ayush@gmail.com');
insert into User(USER_PHONE , NAME, EMAIL_ID ) values('812345678', 'Narayan', 'Narayan@gmail.com');
insert into User(USER_PHONE , NAME, EMAIL_ID ) values('863216974', 'Palak', 'Palak@gmail.com');
insert into User(USER_PHONE , NAME, EMAIL_ID ) values('852634189', 'Akshaya', 'Akshaya@gmail.com');
insert into User(USER_PHONE , NAME, EMAIL_ID ) values('775424242', 'Rumi', 'Rumi@gmail.com');
insert into User(USER_PHONE , NAME, EMAIL_ID ) values('717522342', 'Adabala', 'Adabala@gmail.com');
insert into User(USER_PHONE , NAME, EMAIL_ID ) values('757566344', 'Abhinay', 'Abhinay@gmail.com');
insert into User(USER_PHONE , NAME, EMAIL_ID ) values('663985644', 'Mehta', null);
insert into User(USER_PHONE , NAME, EMAIL_ID ) values('632589746', 'Rana', 'Rana@gmail.com');
insert into User(USER_PHONE , NAME, EMAIL_ID ) values('623148769', 'Chandel', null);
insert into User(USER_PHONE , NAME, EMAIL_ID ) values('685231498', 'Bora', 'Bora@gmail.com');



insert into Contact(CONTACT_PHONE , CONTACT_NAME, CONTACT_EMAIL_ID ) values('777520302', 'Ram', 'Ram@gmail.com');
insert into Contact(CONTACT_PHONE , CONTACT_NAME, CONTACT_EMAIL_ID ) values('767820345', 'Shyam', 'Shyam@gmail.com');
insert into Contact(CONTACT_PHONE , CONTACT_NAME, CONTACT_EMAIL_ID ) values('787220632', 'Ghanshyam', 'Ghanshyam@gmail.com');
insert into Contact(CONTACT_PHONE , CONTACT_NAME, CONTACT_EMAIL_ID ) values('797563304', 'Addu', 'Addu@gmail.com');  
insert into Contact(CONTACT_PHONE , CONTACT_NAME, CONTACT_EMAIL_ID ) values('717522342', 'Adabala', 'Adabala@gmail.com');
insert into Contact(CONTACT_PHONE , CONTACT_NAME, CONTACT_EMAIL_ID ) values('723520752', 'Venkata', 'Venkata@gmail.com');
insert into Contact(CONTACT_PHONE , CONTACT_NAME, CONTACT_EMAIL_ID ) values('737545360', 'Jaya', 'Jaya@gmail.com');
insert into Contact(CONTACT_PHONE , CONTACT_NAME, CONTACT_EMAIL_ID ) values('747520328', 'Kiran', 'Kiran@gmail.com');
insert into Contact(CONTACT_PHONE , CONTACT_NAME, CONTACT_EMAIL_ID ) values('757566344', 'Abhinay', 'Abhinay@gmail.com');
insert into Contact(CONTACT_PHONE , CONTACT_NAME, CONTACT_EMAIL_ID ) values('778875203', 'Aditya', 'Aditya@gmail.com'); 
insert into Contact(CONTACT_PHONE , CONTACT_NAME, CONTACT_EMAIL_ID ) values('775424242', 'Rumi', 'Rumi@gmail.com');




insert into User_Contacts(USER_PHONE , CONTACT_PHONE  ) values('985623147', '767820345');
insert into User_Contacts(USER_PHONE , CONTACT_PHONE  ) values('985623147', '775424242');
insert into User_Contacts(USER_PHONE , CONTACT_PHONE  ) values('985623147', '778875203');


insert into User_Contacts(USER_PHONE , CONTACT_PHONE  ) values('888122333', '767820345');
insert into User_Contacts(USER_PHONE , CONTACT_PHONE  ) values('888122333', '797563304');


insert into User_Contacts(USER_PHONE , CONTACT_PHONE  ) values('812345678', '775424242');
insert into User_Contacts(USER_PHONE , CONTACT_PHONE  ) values('812345678', '797563304');
insert into User_Contacts(USER_PHONE , CONTACT_PHONE  ) values('812345678', '747520328');
insert into User_Contacts(USER_PHONE , CONTACT_PHONE  ) values('812345678', '737545360');


insert into User_Contacts(USER_PHONE , CONTACT_PHONE  ) values('863216974', '777520302');
insert into User_Contacts(USER_PHONE , CONTACT_PHONE  ) values('863216974', '737545360');
insert into User_Contacts(USER_PHONE , CONTACT_PHONE  ) values('863216974', '787220632');


insert into User_Contacts(USER_PHONE , CONTACT_PHONE  ) values('852634189', '717522342');
insert into User_Contacts(USER_PHONE , CONTACT_PHONE  ) values('852634189', '787220632');
insert into User_Contacts(USER_PHONE , CONTACT_PHONE  ) values('852634189', '787220632');
insert into User_Contacts(USER_PHONE , CONTACT_PHONE  ) values('852634189', '787220632');
insert into User_Contacts(USER_PHONE , CONTACT_PHONE  ) values('852634189', '787220632');
insert into User_Contacts(USER_PHONE , CONTACT_PHONE  ) values('852634189', '787220632');